Dimension,MSE,RMSE,PSNR(dB),NCC,SSIM
128x128,0.056254,0.237179,60.629264,0.999990,0.999937
256x256,0.057765,0.240343,60.514179,0.999990,0.999903
512x512,0.180939,0.425369,55.555488,0.999971,0.999689
1024x1024,0.084204,0.290179,58.877491,0.999985,0.999726
