Dimension,MSE,RMSE,PSNR(dB),NCC,SSIM
128x128,0.000000,0.000000,inf,1.000000,1.000000
256x256,0.000092,0.009568,88.514090,1.000000,1.000000
512x512,0.000221,0.014875,84.681923,1.000000,1.000000
1024x1024,0.000146,0.012066,86.499361,1.000000,1.000000
