Dimension,MSE,RMSE,PSNR(dB),NCC,SSIM
128x128,0.205505,0.453327,55.002572,0.999964,0.999829
256x256,0.212392,0.460860,54.859419,0.999962,0.999618
512x512,0.795750,0.892048,49.123039,0.999874,0.998560
1024x1024,0.323967,0.569181,53.025800,0.999944,0.998832
